# 2MASS_id, N_epochs, P_days, Tp_days, ecc, omega, K1_kms, K2_kms, gamma_kms, P_err_low, P_err_high, Tp_err_low, Tp_err_high, ecc_err_low, ecc_err_high, omega_err_low, omega_err_high, K1_err_low, K1_err_high, K2_err_low, K2_err_high, gamma_err_low, gamma_err_high, 
06212323+1701485,8,42.24,56657.15,0.3166,0.684,35.27,41.40,1.37,0.79,0.17,0.19,0.23,0.21,0.0092,0.0091,0.034,0.029,0.29,0.31,0.31,0.32,0.18,0.19,
08544465+1130053,21,39.23855,55933.620,0.6932,1.0931,59.79,62.93,-6.818,0.92,0.00093,0.00097,0.016,0.016,0.0014,0.0014,0.0035,0.0035,0.19,0.20,0.21,0.20,0.069,0.069,
04030722+5150045,9,69.973,55906.20,0.569,4.026,31.5,33.4,-7.176,0.76,0.093,0.076,0.33,0.38,0.036,0.045,0.026,0.024,1.9,2.9,2.1,3.1,0.091,0.089,
21313924+1307507,41,1.5567964,55731.18,0.0016,1.03,59.51,71.84,-52.199,0.92,0.0000015,0.0000016,0.19,1.10,0.0012,0.0016,0.76,4.30,0.12,0.12,0.13,0.13,0.061,0.069,
18470667-0226077^a,32,7.52676,55823.81,0.0136,5.38,45.86,55.85,15.99,0.93,0.00014,0.00015,0.37,0.39,0.0050,0.0046,0.30,0.32,0.26,0.27,0.26,0.26,0.15,0.15,
07355296+2135482,15,15.3645,55879.8,0.0065,4.62,31.47,72.11,15.50,0.87,0.0011,0.0010,1.5,1.5,0.0034,0.0033,0.62,0.60,0.18,0.17,0.27,0.27,0.10,0.11,
15010903+3702218,7,17.5079,56090.854,0.2996,2.5573,41.962,57.13,-47.938,0.61,0.0011,0.0011,0.045,0.046,0.0013,0.0014,0.0088,0.0092,0.092,0.100,0.14,0.14,0.036,0.040,
08541894+1239291,22,1.3046792,55904.366,0.042,2.96,130.2,130.2,7.87,0.91,0.0000089,0.0000087,0.052,0.054,0.010,0.010,0.24,0.25,1.7,1.7,1.8,1.8,0.80,0.86,
19303146+4210508^b,24,5.55412,56444.01,0.0120,6.05,43.20,x,-58.76,x,0.00014,0.00013,0.22,0.25,0.0030,0.0029,0.24,0.28,0.13,0.13,x,x,0.100,0.092,
08464223+1205302,17,15.0232,56654.146,0.2980,0.290,24.76,26.54,-6.493,0.93,0.0024,0.0023,0.023,0.023,0.0035,0.0034,0.011,0.010,0.12,0.13,0.14,0.14,0.055,0.058,
08480285+1157534,11,10.4605,56655.39,0.0364,1.25,22.98,30.62,-12.685,0.87,0.0013,0.0012,0.25,0.27,0.0035,0.0033,0.15,0.16,0.13,0.12,0.22,0.22,0.069,0.062,
08494940+1045341,15,36.557,56674.07,0.662,3.809,31.32,31.20,3.75,0.86,0.110,0.099,0.10,0.11,0.011,0.012,0.024,0.023,0.91,1.00,0.95,1.10,0.20,0.21,
08511292+1234492,17,131.62,56677.580,0.6439,3.0134,31.472,31.598,37.974,0.79,0.57,0.60,0.048,0.051,0.0017,0.0018,0.0042,0.0040,0.096,0.099,0.074,0.068,0.040,0.037,
03434101+3237320,16,10.559140,56170.7706,0.31774,3.0819,64.793,68.408,20.508,0.90,0.000068,0.000066,0.0051,0.0051,0.00066,0.00067,0.0026,0.0026,0.073,0.081,0.065,0.061,0.032,0.030,
08544578+1218431,22,199.429,55943.67,0.6910,3.8311,21.24,44.75,28.494,0.78,0.044,0.046,0.28,0.28,0.0054,0.0052,0.0067,0.0068,0.37,0.40,0.70,0.73,0.093,0.087,
08504952+1217158,22,0.6087083,55903.91,0.0063,4.5,34.04,38.59,35.37,0.90,0.0000028,0.0000030,0.35,0.12,0.0046,0.0061,3.6,1.2,0.30,0.28,0.30,0.31,0.15,0.18,
12080480+1707498,8,40.612,55932.405,0.3999,1.045,30.45,47.93,32.772,0.78,0.035,0.034,0.056,0.056,0.0026,0.0026,0.011,0.011,0.12,0.13,0.24,0.24,0.059,0.057,
12234182+2636054,11,48.0314,55967.051,0.4648,3.3628,28.72,49.99,0.484,0.63,0.0027,0.0027,0.066,0.069,0.0015,0.0016,0.0045,0.0048,0.14,0.15,0.18,0.18,0.036,0.035,
12254042+0001548,12,5.64332,55940.068,0.0919,1.915,24.14,34.66,-22.008,0.82,0.00015,0.00016,0.028,0.026,0.0054,0.0053,0.032,0.030,0.13,0.13,0.15,0.15,0.055,0.060,
12530178+2749563,7,10.99758,56658.93,0.00985,5.161,51.952,75.82,-6.034,0.80,0.00019,0.00019,0.16,0.16,0.00075,0.00080,0.094,0.092,0.085,0.092,0.13,0.13,0.033,0.033,
11434920+0103193,7,42.1114,55988.253,0.5229,4.0256,34.68,36.94,21.398,0.84,0.0034,0.0033,0.045,0.051,0.0024,0.0024,0.0096,0.0100,0.14,0.14,0.15,0.14,0.037,0.036,
03485329+3132297,7,6.12131,56564.342,0.1406,0.227,53.23,80.87,17.27,0.88,0.00035,0.00036,0.020,0.021,0.0022,0.0021,0.019,0.020,0.31,0.32,0.40,0.41,0.11,0.10,
13114702+1734306,19,3.045932,55727.92,0.0063,2.67,97.45,98.82,1.39,0.84,0.000026,0.000027,0.16,0.16,0.0023,0.0022,0.32,0.33,0.29,0.29,0.29,0.30,0.13,0.14,
13341473+3751311,8,28.6243,56066.43,0.2589,2.742,18.59,18.80,-10.320,0.86,0.0088,0.0100,0.28,0.24,0.0062,0.0065,0.036,0.032,0.22,0.19,0.23,0.20,0.048,0.050,
07290870+2315415,7,228.3,56745.2,0.278,4.369,15.77,18.07,45.680,0.76,3.3,3.3,1.0,1.1,0.011,0.010,0.036,0.038,0.18,0.18,0.18,0.17,0.068,0.059,
13431625+2633184,39,21.98845,55706.081,0.4086,2.5388,35.40,63.59,-19.69,0.91,0.00095,0.00093,0.027,0.027,0.0054,0.0053,0.0093,0.0098,0.36,0.36,0.54,0.59,0.11,0.11,
13431373+1852442,7,10.819,56773.00,0.0815,2.550,22.83,29.25,-27.194,0.77,0.014,0.013,0.15,0.17,0.0081,0.0074,0.073,0.088,0.14,0.15,0.18,0.17,0.084,0.072,
14241630-0519154,11,21.34630,55740.056,0.0981,2.3143,35.493,47.299,-19.545,0.70,0.00047,0.00048,0.033,0.032,0.0010,0.0011,0.0096,0.0093,0.037,0.040,0.048,0.047,0.022,0.022,
15140685+0143283,17,100.835,55766.29,0.3044,4.154,22.85,23.66,6.49,0.89,0.062,0.066,0.32,0.34,0.0061,0.0061,0.025,0.025,0.22,0.20,0.21,0.21,0.11,0.11,
16393588+3516227,20,161.862,55707.22,0.1886,2.893,22.544,23.643,8.603,0.81,0.028,0.032,0.37,0.35,0.0043,0.0043,0.017,0.015,0.081,0.085,0.085,0.090,0.047,0.048,
16380165+3551502^a,20,43.0229,55713.144,0.3754,5.298,42.89,46.95,-11.07,0.90,0.0053,0.0050,0.087,0.090,0.0033,0.0035,0.015,0.015,0.26,0.29,0.29,0.27,0.12,0.11,
16420163+3732080,13,4.310644,55969.34,0.0030,2.06,86.96,90.78,-35.925,0.88,0.000030,0.000032,0.56,0.54,0.0015,0.0016,0.82,0.80,0.18,0.18,0.20,0.19,0.085,0.087,
16440227+4619556,13,17.2088,55997.4,0.0136,4.53,19.31,42.17,-19.91,0.88,0.0068,0.0073,3.4,2.0,0.0095,0.0110,1.30,0.72,0.43,0.42,0.53,0.56,0.22,0.21,
19231361+4220381^a,23,10.88230,56565.8444,0.3830,2.1901,65.51,70.91,-31.049,0.97,0.00033,0.00033,0.0094,0.0097,0.0011,0.0011,0.0039,0.0038,0.12,0.13,0.13,0.13,0.056,0.059,
19280687+4240103,11,14.7958,56572.339,0.3154,5.763,38.75,73.58,7.590,0.88,0.0013,0.0012,0.030,0.028,0.0027,0.0027,0.016,0.015,0.19,0.18,0.37,0.37,0.095,0.097,
19282456+4215080,21,30.118,56568.909,0.2365,4.942,39.69,55.80,-9.299,0.85,0.012,0.012,0.082,0.084,0.0062,0.0062,0.015,0.016,0.19,0.20,0.24,0.24,0.094,0.097,
19292405+4223363,25,40.8840,56588.225,0.6366,3.1831,54.26,56.53,12.706,0.70,0.0025,0.0025,0.016,0.016,0.0031,0.0032,0.0021,0.0020,0.43,0.44,0.45,0.46,0.026,0.027,
19320615+4200049,21,11.30209,56566.912,0.21309,4.7669,64.430,67.237,-9.109,0.91,0.00030,0.00030,0.011,0.011,0.00100,0.00100,0.0048,0.0048,0.089,0.089,0.086,0.092,0.042,0.042,
19324708+4222142^b,11,12.9640,56564.97,0.050,2.20,31.80,x,11.09,x,0.0045,0.0044,0.52,0.58,0.011,0.012,0.23,0.26,0.38,0.34,x,x,0.26,0.27,
19340827+4119476,21,62.836,56612.87,0.3863,3.646,34.63,43.45,4.25,0.63,0.041,0.044,0.32,0.30,0.0064,0.0067,0.025,0.023,0.55,0.54,0.68,0.69,0.25,0.25,
19355185+4250141^a,21,5.26601,56557.730,0.0776,4.638,49.99,97.5,-3.75,0.88,0.00031,0.00031,0.081,0.080,0.0080,0.0081,0.098,0.099,0.77,0.74,1.0,1.1,0.36,0.35,
20542922+5207421,14,13.01019,55733.611,0.2365,3.1146,61.180,63.902,-5.513,0.84,0.00014,0.00013,0.012,0.012,0.0013,0.0014,0.0073,0.0072,0.093,0.091,0.096,0.098,0.048,0.048,
19370697+4126128^a,26,17.52827,56367.6,0.00106,3.5,41.096,55.053,8.394,0.89,0.00041,0.00040,3.0,3.0,0.00077,0.00100,1.1,1.1,0.060,0.057,0.058,0.060,0.031,0.031,
12195571+0100311,12,634,56020.74,0.658,0.881,5.95,7.30,-18.983,0.66,15,20,0.83,0.87,0.011,0.011,0.023,0.024,0.11,0.10,0.18,0.18,0.058,0.052,
21292196+1337417,9,49.759,55852.86,0.0745,2.649,21.01,28.00,-48.418,0.77,0.019,0.021,0.33,0.29,0.0090,0.0110,0.048,0.045,0.22,0.20,0.28,0.24,0.047,0.046,
21320320+1107560,41,6.703808,55733.4754,0.4127,4.6376,73.62,87.00,5.274,0.97,0.000029,0.000028,0.0042,0.0043,0.0012,0.0012,0.0049,0.0047,0.17,0.17,0.19,0.19,0.080,0.085,
21345151+1206057,8,43.31,55758.98,0.103,3.58,21.26,25.91,-15.76,0.51,0.16,0.18,0.73,0.70,0.013,0.013,0.12,0.11,0.25,0.24,0.34,0.33,0.16,0.17,
03423215+3229291,16,12.5463,56177.0,0.029,4.30,23.49,25.67,-32.81,0.86,0.0026,0.0027,1.7,1.7,0.018,0.022,0.84,0.82,0.60,0.58,0.62,0.63,0.34,0.33,
08103416+3152116,11,4.77442,55905.43,0.0052,2.2,62.24,72.03,-14.93,0.70,0.00014,0.00013,0.80,1.60,0.0037,0.0066,1.1,2.1,0.42,0.42,0.39,0.42,0.21,0.24,
08182592+3043552,12,12.09153,55914.83,0.0110,1.63,40.52,43.92,-12.15,0.73,0.00058,0.00069,0.97,0.74,0.0055,0.0053,0.50,0.38,0.23,0.22,0.25,0.25,0.11,0.11,
08514194+1143371,8,60.09,56674.39,0.442,5.738,27.86,43.49,33.884,0.75,0.35,0.33,0.25,0.24,0.011,0.011,0.053,0.048,0.43,0.49,0.68,0.75,0.050,0.051,
08511628+1144328,7,40.34,56677.75,0.222,2.086,15.00,23.87,35.39,0.75,0.11,0.12,0.50,0.39,0.016,0.017,0.082,0.066,0.26,0.24,0.45,0.49,0.24,0.18,
08515309+1140536,8,10.9662,56662.4,0.0064,2.6,35.96,46.54,34.64,0.78,0.0022,0.0021,2.0,2.0,0.0044,0.0066,1.2,1.1,0.33,0.33,0.54,0.47,0.15,0.16,
2M00310678+8508494^b,9,22.850,55820.416,0.531,3.710,27.29,x,2.77,x,0.010,0.013,0.068,0.066,0.020,0.022,0.037,0.037,0.77,0.83,x,x,0.40,0.35,
12193809+2517551,7,13.8962,56760.519,0.1348,2.524,55.08,55.50,-27.29,0.69,0.0062,0.0055,0.058,0.063,0.0029,0.0028,0.022,0.024,0.24,0.21,0.23,0.24,0.12,0.12,
07013062+0505262^a,7,14.0384,55852.785,0.647,1.282,68.2,73.4,-9.03,0.57,0.0038,0.0048,0.082,0.061,0.049,0.047,0.026,0.019,7.4,8.5,7.9,9.1,0.14,0.12,
19321788+4216489^a,20,9.12195,56557.8898,0.2605,0.2779,67.21,65.38,-37.236,0.91,0.00025,0.00024,0.0096,0.0099,0.0018,0.0019,0.0069,0.0068,0.16,0.16,0.17,0.15,0.088,0.085,
07301103+2342112^a,7,12.460,56661.189,0.340,3.955,48.42,48.99,3.46,0.78,0.017,0.017,0.061,0.069,0.014,0.016,0.044,0.052,0.98,1.10,0.81,0.96,0.33,0.31,
00392934+8500595,9,145.5,55938.9,0.400,1.365,9.25,10.89,-47.51,0.65,1.0,1.0,4.5,3.9,0.081,0.080,0.110,0.072,0.24,0.28,0.25,0.31,0.13,0.12,
07223915+2410106,7,188.2,56730.85,0.3997,2.502,12.396,12.800,-22.486,0.72,2.2,2.2,0.51,0.50,0.0058,0.0055,0.027,0.029,0.087,0.093,0.094,0.092,0.036,0.034,
07402233+3644005^a,7,10.9248,55937.685,0.3111,4.529,53.93,54.63,36.470,0.80,0.0032,0.0033,0.026,0.028,0.0045,0.0047,0.014,0.016,0.34,0.35,0.37,0.40,0.071,0.069,
12222875+1323289,11,76.371,55999.0,0.316,6.071,14.99,17.83,-55.15,0.44,0.051,0.047,1.4,2.2,0.027,0.043,0.061,0.120,0.40,0.64,0.59,0.77,0.17,0.17,
14044305+2723079^a,7,16.90299,55727.222,0.7441,0.961,51.4,72.4,-11.12,0.72,0.00035,0.00040,0.037,0.036,0.0086,0.0081,0.025,0.023,1.6,1.7,2.3,2.2,0.13,0.15,
15162793+0004334,21,260.89,55744.54,0.7177,1.989,20.38,22.52,-24.107,0.82,0.72,0.81,0.95,0.96,0.0075,0.0085,0.013,0.014,0.35,0.41,0.34,0.42,0.092,0.096,
