APOGEE_ID, T_eff [K], log g [dex], [Fe/H] [dex], [Mg/Fe] [dex], q_2, q_3, v_macro1 [km/s], v_macro2 [km/s], v_macro3 [km/s] 
2M00182859+6207248, 5398, 4.33, 0.22, -0.20, 1.00, 1.00, 8.69, 4.33, 0.19
2M00285967+5931138, 4655, 4.20, -0.22, 0.08, 0.94, 0.94, 1.39, 30.07, 36.15
2M00470197+1751448, 6386, 4.07, -0.47, 0.03, 0.89, 0.88, 19.03, 3.50, 4.46
2M01103850+6655525, 4756, 4.60, 0.07, -0.00, 0.92, 0.81, 3.71, 1.34, 16.35
2M01242958+1716143, 4574, 4.25, -0.31, 0.04, 1.00, 0.92, 8.02, 6.57, 27.26
2M02585078+6601225, 5565, 4.34, 0.03, 0.05, 0.84, 0.84, 32.94, 0.00, 1.40
2M03283689+7947391, 4504, 4.60, 0.05, 0.02, 1.00, 1.00, 7.24, 4.07, 2.52
2M03290164+0904507, 5255, 4.65, -0.24, 0.11, 0.91, 0.76, 2.93, 2.46, 2.76
2M03292591+3126401, 5930, 4.52, -0.25, -0.18, 0.80, 0.80, 37.22, 29.61, 33.83
2M03322813+4728191, 5792, 4.56, 0.06, -0.05, 0.99, 0.99, 4.06, 3.55, 4.58
2M03405779+3118059, 5716, 4.38, 0.04, -0.12, 0.96, 0.61, 17.89, 19.43, 38.40
2M03414856+4544228, 5122, 4.72, -0.24, -0.06, 0.90, 0.90, 45.00, 6.03, 45.00
2M03422125+3155235, 4732, 4.23, -0.08, 0.05, 1.00, 0.90, 0.34, 0.86, 3.90
2M03435550+3209321, 5706, 4.52, 0.06, -0.09, 0.71, 0.66, 20.59, 10.17, 9.91
2M03445064+3219067, 6827, 4.48, -0.41, -0.28, 0.96, 0.75, 26.22, 24.31, 26.56
2M03445614+3209152, 4819, 4.40, -0.13, -0.02, 0.88, 0.87, 23.08, 1.88, 5.55
2M03485742+7950331, 4908, 4.41, 0.22, 0.07, 1.00, 0.85, 4.18, 0.86, 0.02
2M04243602+5429338, 5070, 4.39, -0.16, 0.01, 0.78, 0.78, 0.15, 0.19, 5.54
2M04290552+3530191, 4383, 4.35, -0.15, -0.01, 1.00, 1.00, 19.26, 12.17, 10.97
2M04485954+3749255, 5255, 4.44, -0.20, 0.06, 0.99, 0.85, 10.97, 6.47, 1.93
2M05175081+2458194, 5498, 4.60, -0.01, -0.07, 0.88, 0.86, 44.62, 3.27, 37.55
2M05395208+2231019, 4809, 4.43, 0.10, 0.01, 0.93, 0.93, 6.20, 15.80, 10.65
2M05402330+4617163, 4746, 4.67, -0.07, 0.00, 0.96, 0.79, 1.48, 0.02, 15.26
2M05522211-0404416, 4624, 4.56, -0.14, 0.05, 0.97, 0.90, 15.44, 11.45, 12.05
2M06003552+2113535, 4410, 4.35, -0.41, 0.33, 1.00, 1.00, 0.45, 0.14, 3.66
2M06104205+1107473, 4811, 4.41, -0.17, 0.05, 0.93, 0.85, 23.65, 12.85, 7.47
2M06171919+1425318, 5447, 4.41, -0.12, 0.08, 0.82, 0.77, 0.94, 1.95, 5.19
2M06311193+3341475, 4911, 4.24, -0.06, 0.03, 1.00, 0.93, 0.10, 10.05, 6.37
2M06332755+0538580, 4856, 4.30, -0.02, 0.07, 0.90, 0.85, 4.74, 44.98, 41.68
2M06445724+4420359, 4829, 4.55, 0.04, 0.06, 1.00, 1.00, 33.43, 0.08, 8.93
2M06465489+0306167, 4590, 4.71, -0.08, -0.04, 0.97, 0.94, 15.72, 9.43, 22.91
2M06563892+4319360, 5298, 4.22, 0.09, -0.05, 1.00, 1.00, 21.83, 20.64, 8.84
2M07013062+0505262, 4610, 4.61, -0.21, 0.26, 0.94, 0.94, 5.43, 3.91, 11.07
2M07021037+0513228, 4757, 4.66, -0.09, 0.04, 0.88, 0.83, 3.55, 25.42, 19.92
2M07152278+1409293, 4200, 4.41, -0.20, 0.08, 0.99, 0.99, 15.14, 5.60, 5.16
2M07193494+3110497, 5433, 4.43, -0.07, -0.07, 0.84, 0.62, 28.09, 17.77, 17.40
2M07212735+2342096, 5396, 4.39, -0.14, 0.03, 0.75, 0.72, 2.02, 3.70, 21.89
2M07301103+2342112, 5259, 4.57, -0.08, 0.03, 1.00, 0.87, 6.04, 3.54, 3.80
2M07402233+3644005, 4397, 4.74, -0.04, 0.01, 0.96, 0.96, 4.59, 2.29, 1.92
2M07414159+3725479, 6732, 4.00, -0.26, -0.17, 0.89, 0.61, 38.09, 1.05, 0.49
2M07541885+5200114, 5030, 4.61, -0.09, 0.01, 0.83, 0.83, 4.73, 0.10, 4.38
2M08085424+3214324, 5671, 4.54, -0.43, 0.12, 0.70, 0.69, 2.71, 5.93, 7.95
2M09015439+3734575, 4841, 4.62, -0.38, 0.13, 1.00, 0.95, 22.14, 1.06, 13.85
2M09050156+3832252, 5260, 4.43, 0.19, 0.06, 0.83, 0.82, 4.56, 2.67, 2.97
2M09292132+3718010, 5358, 4.52, -0.22, 0.11, 0.84, 0.81, 3.12, 5.26, 2.08
2M09445530+5526507, 5560, 4.32, 0.26, -0.05, 0.82, 0.82, 8.89, 3.47, 0.83
2M10270797+1555402, 5282, 4.25, -0.21, 0.07, 0.83, 0.83, 22.79, 10.58, 7.20
2M10280514+1735219, 4626, 4.33, -0.19, -0.02, 1.00, 0.90, 36.76, 22.42, 24.70
2M10332913+2535220, 4243, 4.66, -0.05, -0.02, 0.99, 0.99, 14.11, 4.23, 9.28
2M10342382+3007229, 4585, 4.38, -0.26, 0.15, 0.91, 0.91, 3.09, 0.06, 11.35
2M10391336-1104510, 5139, 4.59, -0.29, 0.09, 0.78, 0.78, 6.19, 7.07, 2.75
2M10402800-1112350, 4703, 4.52, -0.31, 0.04, 0.99, 0.87, 21.46, 22.66, 25.36
2M10511874+1701138, 5205, 4.62, 0.01, 0.02, 0.86, 0.76, 4.84, 3.61, 2.31
2M11015625-1238510, 4900, 4.21, -0.20, 0.08, 0.90, 0.87, 4.67, 45.00, 38.83
2M11021583+5003267, 4884, 4.40, -0.47, 0.29, 0.89, 0.89, 3.83, 0.43, 5.38
2M11165739+5222378, 4620, 4.39, 0.17, 0.03, 0.91, 0.90, 0.19, 23.05, 23.92
2M11445343+0051159, 5328, 4.59, -0.17, 0.05, 0.81, 0.81, 5.54, 8.33, 8.08
2M11465253+2617103, 4428, 4.30, -0.19, 0.16, 1.00, 0.98, 1.09, 0.05, 20.15
2M11465887-1056567, 6659, 4.11, -0.32, -0.08, 0.70, 0.70, 42.19, 3.97, 6.55
2M11480250-0216495, 6234, 4.42, -0.38, -0.02, 1.00, 1.00, 10.22, 9.43, 14.43
2M11593775+5603009, 4489, 4.36, -0.12, 0.00, 1.00, 0.94, 18.36, 8.65, 30.58
2M12041932+1812114, 4660, 4.18, -0.27, -0.02, 0.95, 0.94, 5.66, 0.05, 3.64
2M12152328+4054582, 4805, 4.65, -0.22, 0.30, 0.97, 0.90, 4.89, 2.35, 3.25
2M12173966-0018072, 4918, 4.48, -0.36, 0.01, 0.94, 0.94, 9.85, 16.18, 16.60
2M12260339+2710503, 5336, 4.54, -0.39, 0.24, 1.00, 1.00, 3.15, 3.02, 0.29
2M12260547+2644385, 5653, 4.58, -0.08, -0.03, 0.69, 0.67, 6.76, 3.17, 5.00
2M12292447+2534499, 5270, 4.18, 0.01, 0.19, 1.00, 0.77, 2.82, 14.51, 29.19
2M12470641+1301261, 4921, 4.38, 0.07, -0.01, 0.85, 0.85, 22.11, 3.53, 9.18
2M12485052+4134109, 6313, 4.00, 0.03, -0.09, 0.93, 0.64, 8.79, 1.78, 2.55
2M12491047+4213566, 6698, 4.11, -0.12, -0.11, 0.64, 0.47, 10.21, 0.02, 1.76
2M13035326+5740523, 4798, 4.36, -0.29, 0.13, 0.99, 0.87, 4.82, 30.87, 24.77
2M13035780-0321372, 4619, 4.43, -0.29, 0.08, 0.98, 0.97, 0.00, 23.94, 40.92
2M13104833+1646156, 5198, 4.14, 0.12, 0.03, 0.89, 0.89, 7.13, 38.85, 27.86
2M13133865+1744008, 5602, 4.39, -0.08, 0.01, 0.68, 0.68, 3.39, 2.23, 2.53
2M13152530+1704034, 5335, 4.13, 0.25, -0.07, 0.67, 0.67, 4.95, 2.09, 26.56
2M13174753+1425345, 4624, 4.60, -0.37, 0.08, 0.99, 0.87, 26.69, 25.49, 2.05
2M13304665-0119339, 5804, 4.27, 0.05, 0.09, 0.96, 0.91, 1.86, 0.89, 1.51
2M13405102+1804533, 5521, 4.49, -0.64, 0.30, 0.98, 0.98, 10.02, 2.73, 3.08
2M13463583+2729115, 4925, 4.05, -0.06, 0.02, 0.89, 0.89, 2.75, 13.81, 5.71
2M13475543+0027182, 6270, 4.28, 0.03, -0.13, 1.00, 0.61, 25.44, 21.20, 2.73
2M14002167+3317198, 6057, 4.28, -0.04, -0.06, 0.92, 0.72, 4.38, 2.64, 2.91
2M14044305+2723079, 5350, 4.33, 0.05, 0.05, 0.76, 0.75, 5.71, 2.26, 2.74
2M14071515+2828160, 5073, 4.13, -0.03, 0.09, 0.87, 0.87, 6.03, 0.03, 11.10
2M14075322+2820261, 4733, 4.33, -0.17, -0.00, 0.94, 0.91, 9.26, 1.01, 0.25
2M14083146+5207316, 5025, 4.42, 0.03, 0.15, 1.00, 0.92, 7.17, 2.85, 7.90
2M14295644-0545589, 4453, 4.43, -0.03, 0.01, 0.99, 0.91, 8.69, 3.66, 11.19
2M14550677+3816504, 4736, 4.21, 0.05, 0.04, 0.88, 0.88, 4.06, 14.90, 3.62
2M14551294+1816467, 5198, 4.65, -0.34, 0.12, 0.92, 0.92, 5.03, 3.40, 0.85
2M15010425+2107461, 6257, 4.28, -0.05, -0.05, 1.00, 0.86, 2.68, 0.01, 0.01
2M15134594+0102277, 6104, 4.01, -0.37, 0.01, 0.99, 0.99, 11.70, 2.70, 0.28
2M15150324+3649487, 6484, 4.57, -0.11, -0.16, 0.92, 0.91, 16.12, 21.34, 16.91
2M16330315-1359597, 5649, 4.49, -0.03, -0.02, 0.88, 0.75, 10.79, 0.81, 14.56
2M16380165+3551502, 6712, 4.05, -0.23, -0.02, 0.92, 0.92, 19.52, 22.67, 15.32
2M17095788+4825288, 4826, 4.31, -0.02, -0.07, 0.90, 0.86, 2.35, 0.10, 20.10
2M17292110+3510045, 4585, 4.30, -0.01, -0.19, 1.00, 0.92, 11.66, 1.83, 19.69
2M17574253-2400126, 6645, 4.33, -0.03, -0.13, 0.84, 0.84, 43.23, 34.10, 0.16
2M18065593-2449047, 6107, 4.00, 0.16, -0.15, 0.84, 0.84, 10.54, 5.38, 0.43
2M18470667-0226077, 6842, 4.01, -0.20, -0.16, 0.94, 0.74, 13.50, 14.56, 27.65
2M18542576+4300150, 6878, 4.00, -0.21, 0.15, 0.88, 0.88, 13.67, 7.86, 6.08
2M19231361+4220381, 6186, 4.22, -0.06, -0.08, 0.93, 0.61, 14.04, 13.28, 10.63
2M19252895+4726078, 5566, 4.27, -0.09, 0.10, 1.00, 0.78, 11.83, 5.37, 14.24
2M19294645+2642301, 5506, 4.81, -0.13, 0.02, 1.00, 0.56, 34.50, 34.95, 39.45
2M19321788+4216489, 5869, 4.37, -0.07, -0.07, 1.00, 0.96, 6.33, 7.92, 8.07
2M19355185+4250141, 5908, 4.31, -0.14, -0.06, 0.99, 0.55, 7.45, 7.94, 27.16
2M19355993+3813561, 6944, 4.45, -0.27, -0.27, 0.87, 0.74, 45.00, 26.13, 22.86
2M19370697+4126128, 5846, 4.56, -0.02, 0.07, 0.69, 0.67, 0.28, 3.41, 4.02
2M19383951+3819588, 6785, 4.03, -0.19, -0.05, 0.81, 0.73, 14.47, 0.19, 0.10
2M19433790+3225124, 4344, 4.47, -0.47, 0.10, 0.99, 0.99, 1.21, 10.97, 8.50
2M19594944+4547497, 5566, 4.52, -0.12, -0.02, 0.82, 0.77, 12.40, 19.70, 8.65
2M21081720+4900002, 6260, 4.28, 0.19, -0.15, 0.89, 0.78, 6.43, 8.94, 8.48
2M21251203+1136374, 5887, 4.58, -0.17, -0.05, 0.97, 0.96, 8.25, 3.52, 6.45
2M21281796+1110512, 4704, 4.38, -0.26, 0.24, 1.00, 0.92, 19.40, 13.86, 16.19
2M21303784+1258536, 5948, 4.30, 0.02, -0.01, 0.86, 0.86, 6.44, 14.16, 0.39
2M22101026-0158112, 5235, 4.44, -0.05, 0.04, 1.00, 0.81, 6.96, 5.30, 44.97