APOGEE_ID, T_eff [K], log g [dex], [Fe/H] [dex], [Mg/Fe] [dex], q_spec, v_macro1 [km/s], v_macro2 [km/s] 
2M00103470+0043200, 4200, 4.50, -0.21, 0.21, 1.00, 19.98, 5.40
2M00265252+6359169, 6416, 4.56, -0.04, -0.29, 0.85, 10.34, 14.38
2M00310678+8508494, 5742, 4.44, 0.01, -0.07, 0.62, 4.91, 3.11
2M01194897+8532293, 5272, 4.54, -0.08, 0.03, 0.90, 2.68, 4.80
2M01561714+8458408, 5405, 4.95, -0.28, 0.11, 0.83, 8.50, 4.85
2M03270839+0742485, 5259, 4.57, 0.10, -0.00, 0.98, 0.04, 2.06
2M03283951+0740289, 4400, 4.34, -0.06, 0.09, 1.00, 14.90, 8.75
2M03290740+3110490, 4776, 4.46, -0.19, 0.21, 0.94, 6.49, 0.50
2M03534224+8002056, 4319, 4.64, 0.02, 0.02, 0.93, 4.36, 16.05
2M03534279+3708076, 5212, 4.38, 0.09, -0.01, 0.80, 5.00, 4.32
2M04181465+4443163, 5325, 4.70, -0.05, -0.02, 0.71, 6.21, 11.68
2M05240837+2711064, 4775, 4.40, 0.17, -0.01, 0.97, 24.12, 3.19
2M05291630+3549565, 5220, 4.39, 0.01, 0.05, 1.00, 7.07, 2.70
2M05391675+4539368, 5435, 4.01, -0.29, -0.10, 1.00, 13.08, 23.77
2M06003489+3005411, 4820, 4.09, -0.36, 0.15, 0.93, 6.11, 0.15
2M06022375+3101021, 4662, 4.43, -0.35, -0.11, 1.00, 16.55, 14.58
2M06031425+2949475, 4491, 4.41, -0.01, 0.03, 0.99, 14.68, 5.37
2M06073901+2416594, 6156, 4.44, -0.28, -0.07, 1.00, 35.31, 42.88
2M06093334+2355597, 5921, 4.54, 0.11, -0.26, 0.77, 8.05, 22.22
2M06130913+0640221, 5465, 4.06, -0.21, -0.10, 1.00, 12.55, 9.10
2M06282872+0508416, 4291, 4.23, -0.27, 0.07, 1.00, 1.82, 14.60
2M06341963+1812250, 5426, 4.49, -0.20, 0.10, 0.80, 37.02, 9.05
2M06384146+0506011, 4576, 4.06, -0.15, -0.08, 1.00, 14.09, 38.52
2M06413896+3355122, 5364, 4.70, 0.09, 0.00, 0.86, 8.21, 6.04
2M06494013+0225328, 4452, 4.44, -0.15, 0.02, 1.00, 35.48, 28.76
2M07444373+5409255, 4288, 4.48, -0.42, -0.01, 0.98, 13.13, 11.94
2M07445508+6504107, 6540, 4.01, -0.47, -0.13, 0.87, 29.77, 43.89
2M08150468+3029538, 5720, 4.37, -0.17, -0.02, 0.66, 2.25, 13.19
2M09053267+3705087, 4856, 4.06, -0.02, -0.02, 0.81, 1.97, 33.91
2M09055310+3732176, 5510, 4.59, -0.18, 0.05, 0.82, 3.36, 4.46
2M09245718-0721097, 4656, 4.31, -0.27, -0.05, 1.00, 36.82, 28.10
2M09374578+3709185, 4844, 4.37, -0.31, 0.10, 0.89, 2.08, 3.37
2M10245811+1553478, 5301, 4.18, -0.04, 0.09, 0.80, 2.21, 7.28
2M10303003+2842494, 5315, 4.36, -0.03, 0.08, 0.82, 3.71, 1.69
2M10325973+3853468, 4744, 4.32, -0.46, 0.19, 0.93, 5.45, 25.79
2M10345639+3013437, 5113, 4.32, -0.02, 0.04, 0.80, 3.05, 27.47
2M10371964+3358365, 5207, 4.00, -0.08, 0.11, 1.00, 5.66, 14.68
2M10391985-1216056, 5555, 4.42, -0.41, 0.23, 0.75, 11.86, 0.00
2M10451494+1924301, 6067, 4.00, -0.34, 0.03, 0.67, 10.43, 16.62
2M10572646+4818475, 5824, 4.74, -0.50, 0.06, 0.77, 0.23, 26.14
2M10581378+1127335, 6376, 4.21, -0.27, -0.08, 0.84, 26.60, 4.36
2M11043292+1044121, 6408, 4.12, -0.26, -0.07, 0.64, 31.40, 0.17
2M11063449-0525340, 4546, 4.61, -0.12, -0.03, 0.87, 30.31, 5.24
2M11300381+5140211, 4373, 4.31, -0.38, 0.11, 0.99, 21.48, 5.92
2M11433820+2719190, 6395, 4.32, -0.28, -0.08, 0.76, 45.00, 5.48
2M11443705+2759321, 4449, 4.55, -0.75, 0.30, 1.00, 0.87, 15.98
2M11503073+3543023, 5560, 4.44, 0.03, -0.07, 0.80, 3.36, 15.99
2M12020154+1901402, 5084, 4.44, -0.02, 0.02, 0.99, 9.00, 8.69
2M12143470+1508509, 4369, 4.51, 0.23, -0.04, 0.99, 6.71, 7.56
2M12183018-0015533, 4464, 4.27, -0.23, 0.04, 0.98, 5.56, 0.26
2M12203694-0014067, 5799, 4.41, -0.27, -0.02, 0.71, 5.82, 9.00
2M12241091+5649024, 5168, 4.13, 0.18, 0.03, 0.80, 4.25, 9.38
2M12272613+2639404, 5213, 4.35, 0.19, 0.03, 0.82, 3.99, 0.02
2M12290659+1402127, 4650, 4.36, -0.07, 0.14, 1.00, 10.82, 1.37
2M12292198-0210311, 4953, 4.53, -0.20, 0.14, 0.93, 7.24, 16.66
2M12434386+1225305, 4574, 4.34, 0.08, 0.03, 0.91, 12.11, 3.49
2M12464980-0654211, 4965, 4.43, -0.47, 0.13, 0.88, 4.26, 9.09
2M12493129-0812440, 4522, 4.53, -0.05, -0.02, 0.94, 9.52, 14.32
2M12505991+2724043, 4546, 4.37, -0.40, 0.12, 1.00, 6.67, 32.81
2M12565202+5743547, 6227, 4.04, 0.16, -0.14, 0.92, 23.55, 7.84
2M13030323+4232237, 6450, 4.39, -0.34, 0.01, 0.90, 28.48, 5.38
2M13083294+1619076, 5568, 4.00, -0.25, 0.27, 0.82, 0.00, 18.57
2M13151750+1659164, 4450, 4.25, -0.48, 0.41, 0.99, 2.13, 24.28
2M13191174+7325373, 4931, 4.40, -0.02, -0.07, 0.93, 25.74, 11.81
2M13280908+3947103, 4295, 4.35, -0.66, 0.15, 1.00, 9.39, 30.34
2M13283713+3635456, 5041, 4.28, 0.12, 0.08, 0.82, 2.44, 0.00
2M13325589+3638313, 4575, 4.65, -0.38, 0.07, 1.00, 15.55, 20.48
2M13422744-1722109, 5066, 4.23, 0.12, -0.02, 0.79, 14.88, 19.01
2M13431527+1910491, 4239, 4.36, -0.15, 0.12, 0.99, 4.63, 9.33
2M13433895+2718118, 5589, 4.00, -0.28, 0.39, 0.91, 6.19, 34.16
2M13451195-0116442, 5955, 4.28, 0.26, -0.10, 0.97, 10.02, 9.37
2M13513748+3329326, 6227, 4.23, 0.12, -0.12, 0.64, 12.17, 6.59
2M13525017+2612040, 5339, 4.18, -0.14, 0.23, 0.86, 1.20, 0.00
2M13550645+4409581, 4986, 4.38, -0.35, -0.02, 0.85, 17.28, 26.27
2M13591680+3217164, 4747, 4.35, -0.12, 0.11, 0.90, 0.86, 1.26
2M14051463+2937541, 4611, 4.53, -0.06, 0.01, 0.99, 6.38, 7.72
2M14401962+5018052, 4382, 4.36, 0.05, 0.03, 0.97, 4.08, 7.77
2M14460527+4556383, 4658, 4.25, -0.28, -0.02, 0.95, 6.91, 16.67
2M14463311+1306372, 5739, 4.63, -0.09, 0.02, 0.88, 5.33, 24.67
2M14520159+4730306, 5165, 4.51, -0.27, 0.11, 0.90, 12.32, 0.99
2M15064280+2118444, 5886, 4.96, 0.31, 0.01, 0.94, 2.31, 16.38
2M15225888+3644292, 4247, 4.52, -0.12, 0.02, 0.98, 10.10, 2.89
2M15234228+4252314, 5001, 4.36, 0.01, 0.01, 0.87, 0.99, 0.00
2M15555052+8555538, 5025, 4.19, 0.03, 0.08, 1.00, 18.32, 0.01
2M16083340+2829509, 5233, 4.21, 0.07, -0.01, 0.79, 12.64, 41.14
2M16505098-1957461, 6590, 4.11, -0.32, 0.14, 0.93, 10.38, 27.78
2M17180430+4150387, 6970, 4.34, -0.64, -0.25, 0.81, 35.59, 4.36
2M17203237+4738515, 6143, 4.06, 0.04, -0.11, 0.93, 3.23, 6.17
2M19134250+1131332, 6014, 4.12, 0.01, -0.05, 0.83, 4.26, 8.46
2M19142173+4050166, 5581, 4.55, -0.38, 0.17, 0.86, 17.90, 6.42
2M19162677+2628004, 5469, 4.10, 0.20, 0.00, 0.65, 0.00, 4.18
2M19303146+4210508, 5682, 4.32, 0.23, -0.08, 0.71, 14.83, 1.29
2M19324708+4222142, 6171, 4.36, -0.18, -0.05, 0.78, 9.38, 9.20
2M19331065+4102072, 6118, 4.20, 0.05, -0.18, 0.96, 9.79, 21.99
2M19335825+4839411, 4642, 4.44, -0.43, 0.32, 0.94, 6.56, 2.14
2M19414825+4010323, 6355, 4.39, 0.09, -0.16, 1.00, 16.31, 30.73
2M19415564+3901022, 5392, 4.00, 0.21, 0.01, 0.93, 0.08, 9.21
2M19455817+2439114, 6265, 4.00, -0.05, -0.18, 0.79, 14.73, 20.62
2M21275570+1156083, 5668, 4.00, -0.07, -0.08, 0.89, 1.69, 7.99
2M21281311+1249129, 5854, 4.39, -0.14, -0.03, 0.70, 3.64, 6.46
2M21281328+6707056, 4778, 4.54, -0.04, 0.03, 0.91, 1.37, 0.00
2M21293080+1136307, 6264, 4.00, -0.07, 0.00, 0.88, 13.86, 0.08
2M21313139+1207074, 5790, 4.09, -0.09, -0.13, 0.69, 2.78, 14.20
2M21325816+1123337, 5108, 4.41, -0.01, 0.16, 0.96, 2.20, 0.06
2M21341060+1157321, 5499, 4.44, -0.00, 0.00, 0.85, 2.29, 5.72
2M21435294+4345433, 4371, 4.64, -0.01, -0.03, 0.96, 6.75, 15.70
2M22331751+5759568, 5729, 4.44, -0.11, 0.02, 0.65, 31.62, 16.16
2M22403477+0631431, 6190, 4.20, -0.49, -0.07, 1.00, 16.95, 11.22